date,day_of_week,month,week_number
2011-11-21,2,11,47
2011-11-22,3,11,47
2011-11-23,4,11,47
2011-11-24,5,11,47
2011-11-25,6,11,47
2011-11-26,7,11,48
2011-11-27,1,11,48
2011-11-28,2,11,48
2011-11-29,3,11,48
2011-11-30,4,11,48
2011-12-01,5,12,48
2011-12-02,6,12,48
2011-12-03,7,12,49
2011-12-04,1,12,49
2011-12-05,2,12,49
2011-12-06,3,12,49
2011-12-07,4,12,49
2011-12-08,5,12,49
2011-12-09,6,12,49
2011-12-10,7,12,50
2011-12-11,1,12,50
2011-12-12,2,12,50
2011-12-13,3,12,50
2011-12-14,4,12,50
2011-12-15,5,12,50
2011-12-16,6,12,50
2011-12-17,7,12,51
2011-12-18,1,12,51
2011-12-19,2,12,51
2011-12-20,3,12,51
2011-12-21,4,12,51
2011-12-22,5,12,51
2011-12-23,6,12,51
2011-12-24,7,12,52
2011-12-25,1,12,52
2011-12-26,2,12,52
2011-12-27,3,12,52
2011-12-28,4,12,52
2011-12-29,5,12,52
2011-12-30,6,12,52
2011-12-31,7,12,53
2012-01-01,1,1,1
2012-01-02,2,1,1
2012-01-03,3,1,1
2012-01-04,4,1,1
2012-01-05,5,1,1
2012-01-06,6,1,1
2012-01-07,7,1,1
2012-01-08,1,1,2
2012-01-09,2,1,2
2012-01-10,3,1,2
2012-01-11,4,1,2
2012-01-12,5,1,2
2012-01-13,6,1,2
2012-01-14,7,1,2
2012-01-15,1,1,3
2012-01-16,2,1,3
2012-01-17,3,1,3
2012-01-18,4,1,3
2012-01-19,5,1,3
2012-01-20,6,1,3
2012-01-21,7,1,3
2012-01-22,1,1,4
2012-01-23,2,1,4
2012-01-24,3,1,4
2012-01-25,4,1,4
2012-01-26,5,1,4
2012-01-27,6,1,4
2012-01-28,7,1,4
2012-01-29,1,1,5
2012-01-30,2,1,5
2012-01-31,3,1,5
2012-02-01,4,2,5
2012-02-02,5,2,5
2012-02-03,6,2,5
2012-02-04,7,2,5
2012-02-05,1,2,6
2012-02-06,2,2,6
2012-02-07,3,2,6
2012-02-08,4,2,6
2012-02-09,5,2,6
2012-02-10,6,2,6
2012-02-11,7,2,6
2012-02-12,1,2,7
2012-02-13,2,2,7
2012-02-14,3,2,7
2012-02-15,4,2,7
2012-02-16,5,2,7
2012-02-17,6,2,7
2012-02-18,7,2,7
2012-02-19,1,2,8
2012-02-20,2,2,8
2012-02-21,3,2,8
2012-02-22,4,2,8
2012-02-23,5,2,8
2012-02-24,6,2,8
2012-02-25,7,2,8
2012-02-26,1,2,9
2012-02-27,2,2,9
2012-02-28,3,2,9
2012-02-29,4,2,9
2012-03-01,5,3,9
2012-03-02,6,3,9
2012-03-03,7,3,9
2012-03-04,1,3,10
2012-03-05,2,3,10
2012-03-06,3,3,10
2012-03-07,4,3,10
2012-03-08,5,3,10
2012-03-09,6,3,10
2012-03-10,7,3,10
2012-03-11,1,3,11
2012-03-12,2,3,11
2012-03-13,3,3,11
2012-03-14,4,3,11
2012-03-15,5,3,11
2012-03-16,6,3,11
2012-03-17,7,3,11
2012-03-18,1,3,12
2012-03-19,2,3,12
2012-03-20,3,3,12
2012-03-21,4,3,12
2012-03-22,5,3,12
2012-03-23,6,3,12
2012-03-24,7,3,12
2012-03-25,1,3,13
2012-03-26,2,3,13
2012-03-27,3,3,13
2012-03-28,4,3,13
2012-03-29,5,3,13
2012-03-30,6,3,13
2012-03-31,7,3,13
2012-04-01,1,4,14
2012-04-02,2,4,14
2012-04-03,3,4,14
2012-04-04,4,4,14
2012-04-05,5,4,14
2012-04-06,6,4,14
2012-04-07,7,4,14
2012-04-08,1,4,15
2012-04-09,2,4,15
2012-04-10,3,4,15
2012-04-11,4,4,15
2012-04-12,5,4,15
2012-04-13,6,4,15
2012-04-14,7,4,15
2012-04-15,1,4,16
2012-04-16,2,4,16
2012-04-17,3,4,16
2012-04-18,4,4,16
2012-04-19,5,4,16
2012-04-20,6,4,16
2012-04-21,7,4,16
2012-04-22,1,4,17
2012-04-23,2,4,17
2012-04-24,3,4,17
2012-04-25,4,4,17
2012-04-26,5,4,17
2012-04-27,6,4,17
2012-04-28,7,4,17
2012-04-29,1,4,18
2012-04-30,2,4,18
2012-05-01,3,5,18
2012-05-02,4,5,18
2012-05-03,5,5,18
2012-05-04,6,5,18
2012-05-05,7,5,18
2012-05-06,1,5,19
2012-05-07,2,5,19
2012-05-08,3,5,19
2012-05-09,4,5,19
2012-05-10,5,5,19
2012-05-11,6,5,19
2012-05-12,7,5,19
2012-05-13,1,5,20
2012-05-14,2,5,20
2012-05-15,3,5,20
2012-05-16,4,5,20
2012-05-17,5,5,20
2012-05-18,6,5,20
2012-05-19,7,5,20
2012-05-20,1,5,21
2012-05-21,2,5,21
2012-05-22,3,5,21
2012-05-23,4,5,21
2012-05-24,5,5,21
2012-05-25,6,5,21
2012-05-26,7,5,21
2012-05-27,1,5,22
2012-05-28,2,5,22
2012-05-29,3,5,22
2012-05-30,4,5,22
2012-05-31,5,5,22
2012-06-01,6,6,22
2012-06-02,7,6,22
2012-06-03,1,6,23
2012-06-04,2,6,23
2012-06-05,3,6,23
2012-06-06,4,6,23
2012-06-07,5,6,23
2012-06-08,6,6,23
2012-06-09,7,6,23
2012-06-10,1,6,24
2012-06-11,2,6,24
2012-06-12,3,6,24
2012-06-13,4,6,24
2012-06-14,5,6,24
2012-06-15,6,6,24
2012-06-16,7,6,24
2012-06-17,1,6,25
2012-06-18,2,6,25
2012-06-19,3,6,25
2012-06-20,4,6,25
2012-06-21,5,6,25
2012-06-22,6,6,25
2012-06-23,7,6,25
2012-06-24,1,6,26
2012-06-25,2,6,26
2012-06-26,3,6,26
2012-06-27,4,6,26
2012-06-28,5,6,26
2012-06-29,6,6,26
2012-06-30,7,6,26
2012-07-01,1,7,27
2012-07-02,2,7,27
2012-07-03,3,7,27
2012-07-04,4,7,27
2012-07-05,5,7,27
2012-07-06,6,7,27
2012-07-07,7,7,27
2012-07-08,1,7,28
2012-07-09,2,7,28
2012-07-10,3,7,28
2012-07-11,4,7,28
2012-07-12,5,7,28
2012-07-13,6,7,28
2012-07-14,7,7,28
2012-07-15,1,7,29
2012-07-16,2,7,29
2012-07-17,3,7,29
2012-07-18,4,7,29
2012-07-19,5,7,29
2012-07-20,6,7,29
2012-07-21,7,7,29
2012-07-22,1,7,30
2012-07-23,2,7,30
2012-07-24,3,7,30
2012-07-25,4,7,30
2012-07-26,5,7,30
2012-07-27,6,7,30
2012-07-28,7,7,30
2012-07-29,1,7,31
2012-07-30,2,7,31
2012-07-31,3,7,31
2012-08-01,4,8,31
2012-08-02,5,8,31
2012-08-03,6,8,31
2012-08-04,7,8,31
2012-08-05,1,8,32
2012-08-06,2,8,32
2012-08-07,3,8,32
2012-08-08,4,8,32
2012-08-09,5,8,32
2012-08-10,6,8,32
2012-08-11,7,8,32
2012-08-12,1,8,33
2012-08-13,2,8,33
2012-08-14,3,8,33
2012-08-15,4,8,33
2012-08-16,5,8,33
2012-08-17,6,8,33
2012-08-18,7,8,33
2012-08-19,1,8,34
2012-08-20,2,8,34
2012-08-21,3,8,34
2012-08-22,4,8,34
2012-08-23,5,8,34
2012-08-24,6,8,34
2012-08-25,7,8,34
2012-08-26,1,8,35
2012-08-27,2,8,35
2012-08-28,3,8,35
2012-08-29,4,8,35
2012-08-30,5,8,35
2012-08-31,6,8,35
2012-09-01,7,9,35
2012-09-02,1,9,36
2012-09-03,2,9,36
2012-09-04,3,9,36
2012-09-05,4,9,36
2012-09-06,5,9,36
2012-09-07,6,9,36
2012-09-08,7,9,36
2012-09-09,1,9,37
2012-09-10,2,9,37
2012-09-11,3,9,37
2012-09-12,4,9,37
2012-09-13,5,9,37
2012-09-14,6,9,37
2012-09-15,7,9,37
2012-09-16,1,9,38
2012-09-17,2,9,38
2012-09-18,3,9,38
2012-09-19,4,9,38
2012-09-20,5,9,38
2012-09-21,6,9,38
2012-09-22,7,9,38
2012-09-23,1,9,39
2012-09-24,2,9,39
2012-09-25,3,9,39
2012-09-26,4,9,39
2012-09-27,5,9,39
2012-09-28,6,9,39
2012-09-29,7,9,39
2012-09-30,1,9,40
2012-10-01,2,10,40
2012-10-02,3,10,40
2012-10-03,4,10,40
2012-10-04,5,10,40
2012-10-05,6,10,40
2012-10-06,7,10,40
2012-10-07,1,10,41
2012-10-08,2,10,41
2012-10-09,3,10,41
2012-10-10,4,10,41
2012-10-11,5,10,41
2012-10-12,6,10,41
2012-10-13,7,10,41
2012-10-14,1,10,42
2012-10-15,2,10,42
2012-10-16,3,10,42
2012-10-17,4,10,42
2012-10-18,5,10,42
2012-10-19,6,10,42
2012-10-20,7,10,42
2012-10-21,1,10,43
2012-10-22,2,10,43
2012-10-23,3,10,43
2012-10-24,4,10,43
2012-10-25,5,10,43
2012-10-26,6,10,43
2012-10-27,7,10,43
2012-10-28,1,10,44
2012-10-29,2,10,44
2012-10-30,3,10,44
2012-10-31,4,10,44
2012-11-01,5,11,44
2012-11-02,6,11,44
2012-11-03,7,11,44
2012-11-04,1,11,45
2012-11-05,2,11,45
2012-11-06,3,11,45
2012-11-07,4,11,45
2012-11-08,5,11,45
2012-11-09,6,11,45
2012-11-10,7,11,45
2012-11-11,1,11,46
2012-11-12,2,11,46
2012-11-13,3,11,46
2012-11-14,4,11,46
2012-11-15,5,11,46
2012-11-16,6,11,46
2012-11-17,7,11,46
2012-11-18,1,11,47
2012-11-19,2,11,47
2012-11-20,3,11,47
2012-11-21,4,11,47
2012-11-22,5,11,47
2012-11-23,6,11,47
2012-11-24,7,11,47
2012-11-25,1,11,48
2012-11-26,2,11,48
2012-11-27,3,11,48
2012-11-28,4,11,48
2012-11-29,5,11,48
2012-11-30,6,11,48
2012-12-01,7,12,48
2012-12-02,1,12,49
2012-12-03,2,12,49
2012-12-04,3,12,49
2012-12-05,4,12,49
2012-12-06,5,12,49
2012-12-07,6,12,49
2012-12-08,7,12,49
2012-12-09,1,12,50
2012-12-10,2,12,50
2012-12-11,3,12,50
2012-12-12,4,12,50
2012-12-13,5,12,50
2012-12-14,6,12,50
2012-12-15,7,12,50
2012-12-16,1,12,51
2012-12-17,2,12,51
2012-12-18,3,12,51
2012-12-19,4,12,51
2012-12-20,5,12,51
2012-12-21,6,12,51
2012-12-22,7,12,51
2012-12-23,1,12,52
2012-12-24,2,12,52
2012-12-25,3,12,52
2012-12-26,4,12,52
2012-12-27,5,12,52
2012-12-28,6,12,52
2012-12-29,7,12,52
2012-12-30,1,12,53
2012-12-31,2,12,53
2013-01-01,3,1,1
2013-01-02,4,1,1
2013-01-03,5,1,1
2013-01-04,6,1,1
2013-01-05,7,1,1
2013-01-06,1,1,1
2013-01-07,2,1,1
2013-01-08,3,1,2
2013-01-09,4,1,2
2013-01-10,5,1,2
2013-01-11,6,1,2
2013-01-12,7,1,2
2013-01-13,1,1,2
2013-01-14,2,1,2
2013-01-15,3,1,3
2013-01-16,4,1,3
2013-01-17,5,1,3
2013-01-18,6,1,3
2013-01-19,7,1,3
2013-01-20,1,1,3
2013-01-21,2,1,3
2013-01-22,3,1,4
2013-01-23,4,1,4
2013-01-24,5,1,4
2013-01-25,6,1,4
2013-01-26,7,1,4
2013-01-27,1,1,4
2013-01-28,2,1,4
2013-01-29,3,1,5
2013-01-30,4,1,5
2013-01-31,5,1,5
2013-02-01,6,2,5
2013-02-02,7,2,5
2013-02-03,1,2,5
2013-02-04,2,2,5
2013-02-05,3,2,6
2013-02-06,4,2,6
2013-02-07,5,2,6
2013-02-08,6,2,6
2013-02-09,7,2,6
2013-02-10,1,2,6
2013-02-11,2,2,6
2013-02-12,3,2,7
2013-02-13,4,2,7
2013-02-14,5,2,7
2013-02-15,6,2,7
2013-02-16,7,2,7
2013-02-17,1,2,7
2013-02-18,2,2,7
2013-02-19,3,2,8
2013-02-20,4,2,8
2013-02-21,5,2,8
2013-02-22,6,2,8
2013-02-23,7,2,8
2013-02-24,1,2,8
2013-02-25,2,2,8
2013-02-26,3,2,9
2013-02-27,4,2,9
2013-02-28,5,2,9
2013-03-01,6,3,9
2013-03-02,7,3,9
2013-03-03,1,3,9
2013-03-04,2,3,9
2013-03-05,3,3,10
2013-03-06,4,3,10
2013-03-07,5,3,10
2013-03-08,6,3,10
2013-03-09,7,3,10
2013-03-10,1,3,10
2013-03-11,2,3,10
2013-03-12,3,3,11
2013-03-13,4,3,11
2013-03-14,5,3,11
2013-03-15,6,3,11
2013-03-16,7,3,11
2013-03-17,1,3,11
2013-03-18,2,3,11
2013-03-19,3,3,12
2013-03-20,4,3,12
2013-03-21,5,3,12
2013-03-22,6,3,12
2013-03-23,7,3,12
2013-03-24,1,3,12
2013-03-25,2,3,12
2013-03-26,3,3,13
2013-03-27,4,3,13
2013-03-28,5,3,13
2013-03-29,6,3,13
2013-03-30,7,3,13
2013-03-31,1,3,13
2013-04-01,2,4,13
2013-04-02,3,4,14
2013-04-03,4,4,14
2013-04-04,5,4,14
2013-04-05,6,4,14
2013-04-06,7,4,14
2013-04-07,1,4,14
2013-04-08,2,4,14
2013-04-09,3,4,15
2013-04-10,4,4,15
2013-04-11,5,4,15
2013-04-12,6,4,15
2013-04-13,7,4,15
2013-04-14,1,4,15
2013-04-15,2,4,15
2013-04-16,3,4,16
2013-04-17,4,4,16
2013-04-18,5,4,16
2013-04-19,6,4,16
2013-04-20,7,4,16
2013-04-21,1,4,16
2013-04-22,2,4,16
2013-04-23,3,4,17
2013-04-24,4,4,17
2013-04-25,5,4,17
2013-04-26,6,4,17
2013-04-27,7,4,17
2013-04-28,1,4,17
2013-04-29,2,4,17
2013-04-30,3,4,18
2013-05-01,4,5,18
2013-05-02,5,5,18
2013-05-03,6,5,18
2013-05-04,7,5,18
2013-05-05,1,5,18
2013-05-06,2,5,18
2013-05-07,3,5,19
2013-05-08,4,5,19
2013-05-09,5,5,19
2013-05-10,6,5,19
2013-05-11,7,5,19
2013-05-12,1,5,19
2013-05-13,2,5,19
2013-05-14,3,5,20
2013-05-15,4,5,20
2013-05-16,5,5,20
2013-05-17,6,5,20
2013-05-18,7,5,20
2013-05-19,1,5,20
2013-05-20,2,5,20
2013-05-21,3,5,21
2013-05-22,4,5,21
2013-05-23,5,5,21
2013-05-24,6,5,21
2013-05-25,7,5,21
2013-05-26,1,5,21
2013-05-27,2,5,21
2013-05-28,3,5,22
2013-05-29,4,5,22
2013-05-30,5,5,22
2013-05-31,6,5,22
2013-06-01,7,6,22
2013-06-02,1,6,22
2013-06-03,2,6,22
2013-06-04,3,6,23
2013-06-05,4,6,23
2013-06-06,5,6,23
2013-06-07,6,6,23
2013-06-08,7,6,23
2013-06-09,1,6,23
2013-06-10,2,6,23
2013-06-11,3,6,24
2013-06-12,4,6,24
2013-06-13,5,6,24
2013-06-14,6,6,24
2013-06-15,7,6,24
2013-06-16,1,6,24
2013-06-17,2,6,24
2013-06-18,3,6,25
2013-06-19,4,6,25
2013-06-20,5,6,25
2013-06-21,6,6,25
2013-06-22,7,6,25
2013-06-23,1,6,25
2013-06-24,2,6,25
2013-06-25,3,6,26
2013-06-26,4,6,26
2013-06-27,5,6,26
2013-06-28,6,6,26
2013-06-29,7,6,26
2013-06-30,1,6,26
2013-07-01,2,7,26
2013-07-02,3,7,27
2013-07-03,4,7,27
2013-07-04,5,7,27
2013-07-05,6,7,27
2013-07-06,7,7,27
2013-07-07,1,7,27
2013-07-08,2,7,27
2013-07-09,3,7,28
2013-07-10,4,7,28
2013-07-11,5,7,28
2013-07-12,6,7,28
2013-07-13,7,7,28
2013-07-14,1,7,28
2013-07-15,2,7,28
2013-07-16,3,7,29
2013-07-17,4,7,29
2013-07-18,5,7,29
2013-07-19,6,7,29
2013-07-20,7,7,29
2013-07-21,1,7,29
2013-07-22,2,7,29
2013-07-23,3,7,30
2013-07-24,4,7,30
2013-07-25,5,7,30
2013-07-26,6,7,30
2013-07-27,7,7,30
2013-07-28,1,7,30
2013-07-29,2,7,30
2013-07-30,3,7,31
2013-07-31,4,7,31
2013-08-01,5,8,31
2013-08-02,6,8,31
2013-08-03,7,8,31
2013-08-04,1,8,31
2013-08-05,2,8,31
2013-08-06,3,8,32
2013-08-07,4,8,32
2013-08-08,5,8,32
2013-08-09,6,8,32
2013-08-10,7,8,32
2013-08-11,1,8,32
2013-08-12,2,8,32
2013-08-13,3,8,33
2013-08-14,4,8,33
2013-08-15,5,8,33
2013-08-16,6,8,33
2013-08-17,7,8,33
2013-08-18,1,8,33
2013-08-19,2,8,33
2013-08-20,3,8,34
2013-08-21,4,8,34
2013-08-22,5,8,34
2013-08-23,6,8,34
2013-08-24,7,8,34
2013-08-25,1,8,34
2013-08-26,2,8,34
2013-08-27,3,8,35
2013-08-28,4,8,35
2013-08-29,5,8,35
2013-08-30,6,8,35
2013-08-31,7,8,35
2013-09-01,1,9,35
2013-09-02,2,9,35
2013-09-03,3,9,36
2013-09-04,4,9,36
2013-09-05,5,9,36
2013-09-06,6,9,36
2013-09-07,7,9,36
2013-09-08,1,9,36
2013-09-09,2,9,36
2013-09-10,3,9,37
2013-09-11,4,9,37
2013-09-12,5,9,37
2013-09-13,6,9,37
2013-09-14,7,9,37
2013-09-15,1,9,37
2013-09-16,2,9,37
2013-09-17,3,9,38
2013-09-18,4,9,38
2013-09-19,5,9,38
2013-09-20,6,9,38
2013-09-21,7,9,38
2013-09-22,1,9,38
2013-09-23,2,9,38
2013-09-24,3,9,39
2013-09-25,4,9,39
2013-09-26,5,9,39
2013-09-27,6,9,39
2013-09-28,7,9,39
2013-09-29,1,9,39
2013-09-30,2,9,39
2013-10-01,3,10,40
2013-10-02,4,10,40
2013-10-03,5,10,40
2013-10-04,6,10,40
2013-10-05,7,10,40
2013-10-06,1,10,40
2013-10-07,2,10,40
2013-10-08,3,10,41
2013-10-09,4,10,41
2013-10-10,5,10,41
2013-10-11,6,10,41
2013-10-12,7,10,41
2013-10-13,1,10,41
2013-10-14,2,10,41
2013-10-15,3,10,42
2013-10-16,4,10,42
2013-10-17,5,10,42
2013-10-18,6,10,42
2013-10-19,7,10,42
2013-10-20,1,10,42
2013-10-21,2,10,42
2013-10-22,3,10,43
2013-10-23,4,10,43
2013-10-24,5,10,43
2013-10-25,6,10,43
2013-10-26,7,10,43
2013-10-27,1,10,43
2013-10-28,2,10,43
2013-10-29,3,10,44
2013-10-30,4,10,44
2013-10-31,5,10,44
2013-11-01,6,11,44
2013-11-02,7,11,44
2013-11-03,1,11,44
2013-11-04,2,11,44
2013-11-05,3,11,45
2013-11-06,4,11,45
2013-11-07,5,11,45
2013-11-08,6,11,45
2013-11-09,7,11,45
2013-11-10,1,11,45
2013-11-11,2,11,45
2013-11-12,3,11,46
2013-11-13,4,11,46
2013-11-14,5,11,46
2013-11-15,6,11,46
2013-11-16,7,11,46
2013-11-17,1,11,46
2013-11-18,2,11,46
2013-11-19,3,11,47
2013-11-20,4,11,47
2013-11-21,5,11,47
2013-11-22,6,11,47
2013-11-23,7,11,47
2013-11-24,1,11,47
2013-11-25,2,11,47
2013-11-26,3,11,48
2013-11-27,4,11,48
2013-11-28,5,11,48
2013-11-29,6,11,48
2013-11-30,7,11,48
2013-12-01,1,12,48
2013-12-02,2,12,48
2013-12-03,3,12,49
2013-12-04,4,12,49
2013-12-05,5,12,49
2013-12-06,6,12,49
2013-12-07,7,12,49
2013-12-08,1,12,49
2013-12-09,2,12,49
2013-12-10,3,12,50
2013-12-11,4,12,50
2013-12-12,5,12,50
2013-12-13,6,12,50
2013-12-14,7,12,50
2013-12-15,1,12,50
2013-12-16,2,12,50
2013-12-17,3,12,51
2013-12-18,4,12,51
2013-12-19,5,12,51
2013-12-20,6,12,51
2013-12-21,7,12,51
2013-12-22,1,12,51
2013-12-23,2,12,51
2013-12-24,3,12,52
2013-12-25,4,12,52
2013-12-26,5,12,52
2013-12-27,6,12,52
2013-12-28,7,12,52
2013-12-29,1,12,52
2013-12-30,2,12,52
2013-12-31,3,12,53
2014-01-01,4,1,1
2014-01-02,5,1,1
2014-01-03,6,1,1
2014-01-04,7,1,1
2014-01-05,1,1,1
2014-01-06,2,1,1
2014-01-07,3,1,1
2014-01-08,4,1,2
2014-01-09,5,1,2
2014-01-10,6,1,2
2014-01-11,7,1,2
2014-01-12,1,1,2
2014-01-13,2,1,2
2014-01-14,3,1,2
2014-01-15,4,1,3
2014-01-16,5,1,3
2014-01-17,6,1,3
2014-01-18,7,1,3
2014-01-19,1,1,3
2014-01-20,2,1,3
2014-01-21,3,1,3
2014-01-22,4,1,4
2014-01-23,5,1,4
2014-01-24,6,1,4
2014-01-25,7,1,4
2014-01-26,1,1,4
2014-01-27,2,1,4
2014-01-28,3,1,4
2014-01-29,4,1,5
2014-01-30,5,1,5
2014-01-31,6,1,5
2014-02-01,7,2,5
2014-02-02,1,2,5
2014-02-03,2,2,5
2014-02-04,3,2,5
2014-02-05,4,2,6
2014-02-06,5,2,6
2014-02-07,6,2,6
2014-02-08,7,2,6
2014-02-09,1,2,6
2014-02-10,2,2,6
2014-02-11,3,2,6
2014-02-12,4,2,7
2014-02-13,5,2,7
2014-02-14,6,2,7
2014-02-15,7,2,7
2014-02-16,1,2,7
2014-02-17,2,2,7
2014-02-18,3,2,7
2014-02-19,4,2,8
2014-02-20,5,2,8
2014-02-21,6,2,8
2014-02-22,7,2,8
2014-02-23,1,2,8
2014-02-24,2,2,8
2014-02-25,3,2,8
2014-02-26,4,2,9
2014-02-27,5,2,9
2014-02-28,6,2,9
2014-03-01,7,3,9
2014-03-02,1,3,9
2014-03-03,2,3,9
2014-03-04,3,3,9
2014-03-05,4,3,10
2014-03-06,5,3,10
2014-03-07,6,3,10
2014-03-08,7,3,10
2014-03-09,1,3,10
2014-03-10,2,3,10
2014-03-11,3,3,10
2014-03-12,4,3,11
2014-03-13,5,3,11
2014-03-14,6,3,11
2014-03-15,7,3,11
2014-03-16,1,3,11
2014-03-17,2,3,11
2014-03-18,3,3,11
2014-03-19,4,3,12
2014-03-20,5,3,12
2014-03-21,6,3,12
2014-03-22,7,3,12
2014-03-23,1,3,12
2014-03-24,2,3,12
2014-03-25,3,3,12
2014-03-26,4,3,13
2014-03-27,5,3,13
2014-03-28,6,3,13
2014-03-29,7,3,13
2014-03-30,1,3,13
2014-03-31,2,3,13
2014-04-01,3,4,13
2014-04-02,4,4,14
2014-04-03,5,4,14
2014-04-04,6,4,14
2014-04-05,7,4,14
2014-04-06,1,4,14
2014-04-07,2,4,14
2014-04-08,3,4,14
2014-04-09,4,4,15
2014-04-10,5,4,15
2014-04-11,6,4,15
2014-04-12,7,4,15
2014-04-13,1,4,15
2014-04-14,2,4,15
2014-04-15,3,4,15
2014-04-16,4,4,16
2014-04-17,5,4,16
2014-04-18,6,4,16
2014-04-19,7,4,16
2014-04-20,1,4,16
2014-04-21,2,4,16
2014-04-22,3,4,16
2014-04-23,4,4,17
2014-04-24,5,4,17
2014-04-25,6,4,17
2014-04-26,7,4,17
2014-04-27,1,4,17
2014-04-28,2,4,17
2014-04-29,3,4,17
2014-04-30,4,4,18
2014-05-01,5,5,18
2014-05-02,6,5,18
2014-05-03,7,5,18
2014-05-04,1,5,18
2014-05-05,2,5,18
2014-05-06,3,5,18
2014-05-07,4,5,19
2014-05-08,5,5,19
2014-05-09,6,5,19
2014-05-10,7,5,19
2014-05-11,1,5,19
2014-05-12,2,5,19
2014-05-13,3,5,19
2014-05-14,4,5,20
2014-05-15,5,5,20
2014-05-16,6,5,20
2014-05-17,7,5,20
2014-05-18,1,5,20
2014-05-19,2,5,20
2014-05-20,3,5,20
2014-05-21,4,5,21
2014-05-22,5,5,21
2014-05-23,6,5,21
2014-05-24,7,5,21
2014-05-25,1,5,21
2014-05-26,2,5,21
2014-05-27,3,5,21
2014-05-28,4,5,22
2014-05-29,5,5,22
2014-05-30,6,5,22
2014-05-31,7,5,22
2014-06-01,1,6,22
2014-06-02,2,6,22
2014-06-03,3,6,22
2014-06-04,4,6,23
2014-06-05,5,6,23
2014-06-06,6,6,23
2014-06-07,7,6,23
2014-06-08,1,6,23
2014-06-09,2,6,23
2014-06-10,3,6,23
2014-06-11,4,6,24
2014-06-12,5,6,24
2014-06-13,6,6,24
2014-06-14,7,6,24
2014-06-15,1,6,24
2014-06-16,2,6,24
2014-06-17,3,6,24
2014-06-18,4,6,25
2014-06-19,5,6,25
2014-06-20,6,6,25
2014-06-21,7,6,25
2014-06-22,1,6,25
2014-06-23,2,6,25
2014-06-24,3,6,25
2014-06-25,4,6,26
2014-06-26,5,6,26
2014-06-27,6,6,26
2014-06-28,7,6,26
2014-06-29,1,6,26
2014-06-30,2,6,26
2014-07-01,3,7,26
2014-07-02,4,7,27
2014-07-03,5,7,27
2014-07-04,6,7,27
2014-07-05,7,7,27
2014-07-06,1,7,27
2014-07-07,2,7,27
2014-07-08,3,7,27
2014-07-09,4,7,28
2014-07-10,5,7,28
2014-07-11,6,7,28
2014-07-12,7,7,28
2014-07-13,1,7,28
2014-07-14,2,7,28
2014-07-15,3,7,28
2014-07-16,4,7,29
2014-07-17,5,7,29
2014-07-18,6,7,29
2014-07-19,7,7,29
2014-07-20,1,7,29
2014-07-21,2,7,29
2014-07-22,3,7,29
2014-07-23,4,7,30
2014-07-24,5,7,30
2014-07-25,6,7,30
2014-07-26,7,7,30
2014-07-27,1,7,30
2014-07-28,2,7,30
2014-07-29,3,7,30
2014-07-30,4,7,31
2014-07-31,5,7,31
2014-08-01,6,8,31
2014-08-02,7,8,31
2014-08-03,1,8,31
2014-08-04,2,8,31
2014-08-05,3,8,31
2014-08-06,4,8,32
2014-08-07,5,8,32
2014-08-08,6,8,32
2014-08-09,7,8,32
2014-08-10,1,8,32
2014-08-11,2,8,32
2014-08-12,3,8,32
2014-08-13,4,8,33
2014-08-14,5,8,33
2014-08-15,6,8,33
2014-08-16,7,8,33
2014-08-17,1,8,33
2014-08-18,2,8,33
2014-08-19,3,8,33
2014-08-20,4,8,34
2014-08-21,5,8,34
2014-08-22,6,8,34
2014-08-23,7,8,34
2014-08-24,1,8,34
2014-08-25,2,8,34
2014-08-26,3,8,34
2014-08-27,4,8,35
2014-08-28,5,8,35
2014-08-29,6,8,35
2014-08-30,7,8,35
2014-08-31,1,8,35
2014-09-01,2,9,35
2014-09-02,3,9,35
2014-09-03,4,9,36
2014-09-04,5,9,36
2014-09-05,6,9,36
2014-09-06,7,9,36
2014-09-07,1,9,36
2014-09-08,2,9,36
2014-09-09,3,9,36
2014-09-10,4,9,37
2014-09-11,5,9,37
2014-09-12,6,9,37
2014-09-13,7,9,37
2014-09-14,1,9,37
2014-09-15,2,9,37
2014-09-16,3,9,37
2014-09-17,4,9,38
2014-09-18,5,9,38
2014-09-19,6,9,38
2014-09-20,7,9,38
2014-09-21,1,9,38
2014-09-22,2,9,38
2014-09-23,3,9,38
2014-09-24,4,9,39
2014-09-25,5,9,39
2014-09-26,6,9,39
2014-09-27,7,9,39
2014-09-28,1,9,39
2014-09-29,2,9,39
2014-09-30,3,9,39
2014-10-01,4,10,40
2014-10-02,5,10,40
2014-10-03,6,10,40
2014-10-04,7,10,40
2014-10-05,1,10,40
2014-10-06,2,10,40
2014-10-07,3,10,40
2014-10-08,4,10,41
2014-10-09,5,10,41
2014-10-10,6,10,41
2014-10-11,7,10,41
2014-10-12,1,10,41
2014-10-13,2,10,41
2014-10-14,3,10,41
2014-10-15,4,10,42
2014-10-16,5,10,42
2014-10-17,6,10,42
2014-10-18,7,10,42
2014-10-19,1,10,42
2014-10-20,2,10,42
2014-10-21,3,10,42
2014-10-22,4,10,43
2014-10-23,5,10,43
2014-10-24,6,10,43
2014-10-25,7,10,43
2014-10-26,1,10,43
2014-10-27,2,10,43
2014-10-28,3,10,43
2014-10-29,4,10,44
2014-10-30,5,10,44
2014-10-31,6,10,44
2014-11-01,7,11,44
2014-11-02,1,11,44
2014-11-03,2,11,44
2014-11-04,3,11,44
2014-11-05,4,11,45
2014-11-06,5,11,45
2014-11-07,6,11,45
2014-11-08,7,11,45
2014-11-09,1,11,45
2014-11-10,2,11,45
2014-11-11,3,11,45
2014-11-12,4,11,46
2014-11-13,5,11,46
2014-11-14,6,11,46
2014-11-15,7,11,46
2014-11-16,1,11,46
2014-11-17,2,11,46
2014-11-18,3,11,46
2014-11-19,4,11,47
2014-11-20,5,11,47
2014-11-21,6,11,47
2014-11-22,7,11,47
2014-11-23,1,11,47
2014-11-24,2,11,47
2014-11-25,3,11,47
2014-11-26,4,11,48
2014-11-27,5,11,48
2014-11-28,6,11,48
2014-11-29,7,11,48
2014-11-30,1,11,48
2014-12-01,2,12,48
2014-12-02,3,12,48
2014-12-03,4,12,49
2014-12-04,5,12,49
2014-12-05,6,12,49
2014-12-06,7,12,49
2014-12-07,1,12,49
2014-12-08,2,12,49
2014-12-09,3,12,49
2014-12-10,4,12,50
2014-12-11,5,12,50
2014-12-12,6,12,50
2014-12-13,7,12,50
2014-12-14,1,12,50
2014-12-15,2,12,50
2014-12-16,3,12,50
2014-12-17,4,12,51
2014-12-18,5,12,51
2014-12-19,6,12,51
2014-12-20,7,12,51
2014-12-21,1,12,51
2014-12-22,2,12,51
2014-12-23,3,12,51
2014-12-24,4,12,52
2014-12-25,5,12,52
2014-12-26,6,12,52
2014-12-27,7,12,52
2014-12-28,1,12,52
2014-12-29,2,12,52
2014-12-30,3,12,52
2014-12-31,4,12,53
2015-01-01,5,1,1
2015-01-02,6,1,1
2015-01-03,7,1,1
2015-01-04,1,1,1
2015-01-05,2,1,1
2015-01-06,3,1,1
2015-01-07,4,1,1
2015-01-08,5,1,2
2015-01-09,6,1,2
2015-01-10,7,1,2
2015-01-11,1,1,2
2015-01-12,2,1,2
2015-01-13,3,1,2
2015-01-14,4,1,2
2015-01-15,5,1,3
2015-01-16,6,1,3
2015-01-17,7,1,3
2015-01-18,1,1,3
2015-01-19,2,1,3
2015-01-20,3,1,3
2015-01-21,4,1,3
2015-01-22,5,1,4
2015-01-23,6,1,4
2015-01-24,7,1,4
2015-01-25,1,1,4
2015-01-26,2,1,4
2015-01-27,3,1,4
2015-01-28,4,1,4
2015-01-29,5,1,5
2015-01-30,6,1,5
2015-01-31,7,1,5
2015-02-01,1,2,5
2015-02-02,2,2,5
2015-02-03,3,2,5
2015-02-04,4,2,5
2015-02-05,5,2,6
2015-02-06,6,2,6
2015-02-07,7,2,6
2015-02-08,1,2,6
2015-02-09,2,2,6
2015-02-10,3,2,6
2015-02-11,4,2,6
2015-02-12,5,2,7
2015-02-13,6,2,7
2015-02-14,7,2,7
2015-02-15,1,2,7
2015-02-16,2,2,7
2015-02-17,3,2,7
2015-02-18,4,2,7
2015-02-19,5,2,8
2015-02-20,6,2,8
2015-02-21,7,2,8
2015-02-22,1,2,8
2015-02-23,2,2,8
2015-02-24,3,2,8
2015-02-25,4,2,8
2015-02-26,5,2,9
2015-02-27,6,2,9
2015-02-28,7,2,9
2015-03-01,1,3,9
2015-03-02,2,3,9
2015-03-03,3,3,9
2015-03-04,4,3,9
2015-03-05,5,3,10
2015-03-06,6,3,10
2015-03-07,7,3,10
2015-03-08,1,3,10
2015-03-09,2,3,10
2015-03-10,3,3,10
2015-03-11,4,3,10
2015-03-12,5,3,11
2015-03-13,6,3,11
2015-03-14,7,3,11
2015-03-15,1,3,11
2015-03-16,2,3,11
2015-03-17,3,3,11
2015-03-18,4,3,11
2015-03-19,5,3,12
2015-03-20,6,3,12
2015-03-21,7,3,12
2015-03-22,1,3,12
2015-03-23,2,3,12
2015-03-24,3,3,12
2015-03-25,4,3,12
2015-03-26,5,3,13
2015-03-27,6,3,13
2015-03-28,7,3,13
2015-03-29,1,3,13
2015-03-30,2,3,13
2015-03-31,3,3,13
2015-04-01,4,4,13
2015-04-02,5,4,14
2015-04-03,6,4,14
2015-04-04,7,4,14
2015-04-05,1,4,14
2015-04-06,2,4,14
2015-04-07,3,4,14
2015-04-08,4,4,14
2015-04-09,5,4,15
2015-04-10,6,4,15
2015-04-11,7,4,15
2015-04-12,1,4,15
2015-04-13,2,4,15
2015-04-14,3,4,15
2015-04-15,4,4,15
2015-04-16,5,4,16
2015-04-17,6,4,16
2015-04-18,7,4,16
2015-04-19,1,4,16
2015-04-20,2,4,16
2015-04-21,3,4,16
2015-04-22,4,4,16
2015-04-23,5,4,17
2015-04-24,6,4,17
2015-04-25,7,4,17
2015-04-26,1,4,17
2015-04-27,2,4,17
2015-04-28,3,4,17
2015-04-29,4,4,17
2015-04-30,5,4,18
2015-05-01,6,5,18
2015-05-02,7,5,18
2015-05-03,1,5,18
2015-05-04,2,5,18
2015-05-05,3,5,18
2015-05-06,4,5,18
2015-05-07,5,5,19
2015-05-08,6,5,19
2015-05-09,7,5,19
2015-05-10,1,5,19
2015-05-11,2,5,19
2015-05-12,3,5,19
2015-05-13,4,5,19
2015-05-14,5,5,20
2015-05-15,6,5,20
2015-05-16,7,5,20
2015-05-17,1,5,20
2015-05-18,2,5,20
2015-05-19,3,5,20
2015-05-20,4,5,20
2015-05-21,5,5,21
2015-05-22,6,5,21
2015-05-23,7,5,21
2015-05-24,1,5,21
2015-05-25,2,5,21
2015-05-26,3,5,21
2015-05-27,4,5,21
2015-05-28,5,5,22
2015-05-29,6,5,22
2015-05-30,7,5,22
2015-05-31,1,5,22
2015-06-01,2,6,22
2015-06-02,3,6,22
2015-06-03,4,6,22
2015-06-04,5,6,23
2015-06-05,6,6,23
2015-06-06,7,6,23
2015-06-07,1,6,23
2015-06-08,2,6,23
2015-06-09,3,6,23
2015-06-10,4,6,23
2015-06-11,5,6,24
2015-06-12,6,6,24
2015-06-13,7,6,24
2015-06-14,1,6,24
2015-06-15,2,6,24
2015-06-16,3,6,24
2015-06-17,4,6,24
2015-06-18,5,6,25
2015-06-19,6,6,25
2015-06-20,7,6,25
2015-06-21,1,6,25
2015-06-22,2,6,25
2015-06-23,3,6,25
2015-06-24,4,6,25
2015-06-25,5,6,26
2015-06-26,6,6,26
2015-06-27,7,6,26
2015-06-28,1,6,26
2015-06-29,2,6,26
2015-06-30,3,6,26
2015-07-01,4,7,26
2015-07-02,5,7,27
2015-07-03,6,7,27
2015-07-04,7,7,27
2015-07-05,1,7,27
2015-07-06,2,7,27
2015-07-07,3,7,27
2015-07-08,4,7,27
2015-07-09,5,7,28
2015-07-10,6,7,28
2015-07-11,7,7,28
2015-07-12,1,7,28
2015-07-13,2,7,28
2015-07-14,3,7,28
2015-07-15,4,7,28
2015-07-16,5,7,29
2015-07-17,6,7,29
2015-07-18,7,7,29
2015-07-19,1,7,29
2015-07-20,2,7,29
2015-07-21,3,7,29
2015-07-22,4,7,29
2015-07-23,5,7,30
2015-07-24,6,7,30
2015-07-25,7,7,30
2015-07-26,1,7,30
2015-07-27,2,7,30
2015-07-28,3,7,30
2015-07-29,4,7,30
2015-07-30,5,7,31
2015-07-31,6,7,31
2015-08-01,7,8,31
2015-08-02,1,8,31
2015-08-03,2,8,31
2015-08-04,3,8,31
2015-08-05,4,8,31
2015-08-06,5,8,32
2015-08-07,6,8,32
2015-08-08,7,8,32
2015-08-09,1,8,32
2015-08-10,2,8,32
2015-08-11,3,8,32
2015-08-12,4,8,32
2015-08-13,5,8,33
2015-08-14,6,8,33
2015-08-15,7,8,33
2015-08-16,1,8,33
2015-08-17,2,8,33
2015-08-18,3,8,33
2015-08-19,4,8,33
2015-08-20,5,8,34
2015-08-21,6,8,34
2015-08-22,7,8,34
2015-08-23,1,8,34
2015-08-24,2,8,34
2015-08-25,3,8,34
2015-08-26,4,8,34
2015-08-27,5,8,35
2015-08-28,6,8,35
2015-08-29,7,8,35
2015-08-30,1,8,35
2015-08-31,2,8,35
2015-09-01,3,9,35
2015-09-02,4,9,35
2015-09-03,5,9,36
2015-09-04,6,9,36
2015-09-05,7,9,36
2015-09-06,1,9,36
2015-09-07,2,9,36
2015-09-08,3,9,36
2015-09-09,4,9,36
2015-09-10,5,9,37
2015-09-11,6,9,37
2015-09-12,7,9,37
2015-09-13,1,9,37
2015-09-14,2,9,37
2015-09-15,3,9,37
2015-09-16,4,9,37
2015-09-17,5,9,38
2015-09-18,6,9,38
2015-09-19,7,9,38
2015-09-20,1,9,38
2015-09-21,2,9,38
2015-09-22,3,9,38
2015-09-23,4,9,38
2015-09-24,5,9,39
2015-09-25,6,9,39
2015-09-26,7,9,39
2015-09-27,1,9,39
2015-09-28,2,9,39
2015-09-29,3,9,39
2015-09-30,4,9,39
2015-10-01,5,10,40
2015-10-02,6,10,40
2015-10-03,7,10,40
2015-10-04,1,10,40
2015-10-05,2,10,40
2015-10-06,3,10,40
2015-10-07,4,10,40
2015-10-08,5,10,41
2015-10-09,6,10,41
2015-10-10,7,10,41
2015-10-11,1,10,41
2015-10-12,2,10,41
2015-10-13,3,10,41
2015-10-14,4,10,41
2015-10-15,5,10,42
2015-10-16,6,10,42
2015-10-17,7,10,42
2015-10-18,1,10,42
2015-10-19,2,10,42
2015-10-20,3,10,42
2015-10-21,4,10,42
2015-10-22,5,10,43
2015-10-23,6,10,43
2015-10-24,7,10,43
2015-10-25,1,10,43
2015-10-26,2,10,43
2015-10-27,3,10,43
2015-10-28,4,10,43
2015-10-29,5,10,44
2015-10-30,6,10,44
2015-10-31,7,10,44
2015-11-01,1,11,44
2015-11-02,2,11,44
2015-11-03,3,11,44
2015-11-04,4,11,44
2015-11-05,5,11,45
2015-11-06,6,11,45
2015-11-07,7,11,45
2015-11-08,1,11,45
2015-11-09,2,11,45
2015-11-10,3,11,45
2015-11-11,4,11,45
2015-11-12,5,11,46
2015-11-13,6,11,46
2015-11-14,7,11,46
2015-11-15,1,11,46
2015-11-16,2,11,46
2015-11-17,3,11,46
2015-11-18,4,11,46
2015-11-19,5,11,47
2015-11-20,6,11,47
2015-11-21,7,11,47
2015-11-22,1,11,47
2015-11-23,2,11,47
2015-11-24,3,11,47
2015-11-25,4,11,47
2015-11-26,5,11,48
2015-11-27,6,11,48
2015-11-28,7,11,48
2015-11-29,1,11,48
2015-11-30,2,11,48
2015-12-01,3,12,48
2015-12-02,4,12,48
2015-12-03,5,12,49
2015-12-04,6,12,49
2015-12-05,7,12,49
2015-12-06,1,12,49
2015-12-07,2,12,49
2015-12-08,3,12,49
2015-12-09,4,12,49
2015-12-10,5,12,50
2015-12-11,6,12,50
2015-12-12,7,12,50
2015-12-13,1,12,50
2015-12-14,2,12,50
2015-12-15,3,12,50
2015-12-16,4,12,50
2015-12-17,5,12,51
2015-12-18,6,12,51
2015-12-19,7,12,51
2015-12-20,1,12,51
2015-12-21,2,12,51
2015-12-22,3,12,51
2015-12-23,4,12,51
2015-12-24,5,12,52
2015-12-25,6,12,52
2015-12-26,7,12,52
2015-12-27,1,12,52
2015-12-28,2,12,52
2015-12-29,3,12,52
2015-12-30,4,12,52
2015-12-31,5,12,53
2016-01-01,6,1,1
2016-01-02,7,1,1
2016-01-03,1,1,1
2016-01-04,2,1,1
2016-01-05,3,1,1
2016-01-06,4,1,1
2016-01-07,5,1,1
2016-01-08,6,1,2
2016-01-09,7,1,2
2016-01-10,1,1,2
2016-01-11,2,1,2
2016-01-12,3,1,2
2016-01-13,4,1,2
2016-01-14,5,1,2
2016-01-15,6,1,3
2016-01-16,7,1,3
2016-01-17,1,1,3
2016-01-18,2,1,3
2016-01-19,3,1,3
2016-01-20,4,1,3
2016-01-21,5,1,3
2016-01-22,6,1,4
2016-01-23,7,1,4
2016-01-24,1,1,4
2016-01-25,2,1,4
2016-01-26,3,1,4
2016-01-27,4,1,4
2016-01-28,5,1,4
2016-01-29,6,1,5
2016-01-30,7,1,5
2016-01-31,1,1,5
2016-02-01,2,2,5
2016-02-02,3,2,5
2016-02-03,4,2,5
2016-02-04,5,2,5
2016-02-05,6,2,6
2016-02-06,7,2,6
2016-02-07,1,2,6
2016-02-08,2,2,6
2016-02-09,3,2,6
2016-02-10,4,2,6
2016-02-11,5,2,6
2016-02-12,6,2,7
2016-02-13,7,2,7
2016-02-14,1,2,7
2016-02-15,2,2,7
2016-02-16,3,2,7
2016-02-17,4,2,7
2016-02-18,5,2,7
2016-02-19,6,2,8
2016-02-20,7,2,8
2016-02-21,1,2,8
2016-02-22,2,2,8
2016-02-23,3,2,8
2016-02-24,4,2,8
2016-02-25,5,2,8
2016-02-26,6,2,9
2016-02-27,7,2,9
2016-02-28,1,2,9
2016-02-29,2,2,9
2016-03-01,3,3,9
2016-03-02,4,3,9
2016-03-03,5,3,9
2016-03-04,6,3,10
2016-03-05,7,3,10
2016-03-06,1,3,10
2016-03-07,2,3,10
2016-03-08,3,3,10
2016-03-09,4,3,10
2016-03-10,5,3,10
2016-03-11,6,3,11
2016-03-12,7,3,11
2016-03-13,1,3,11
2016-03-14,2,3,11
2016-03-15,3,3,11
2016-03-16,4,3,11
2016-03-17,5,3,11
2016-03-18,6,3,12
2016-03-19,7,3,12
2016-03-20,1,3,12
2016-03-21,2,3,12
2016-03-22,3,3,12
2016-03-23,4,3,12
2016-03-24,5,3,12
2016-03-25,6,3,13
2016-03-26,7,3,13
2016-03-27,1,3,13
2016-03-28,2,3,13
2016-03-29,3,3,13
2016-03-30,4,3,13
2016-03-31,5,3,13
2016-04-01,6,4,14
2016-04-02,7,4,14
2016-04-03,1,4,14
2016-04-04,2,4,14
2016-04-05,3,4,14
2016-04-06,4,4,14
2016-04-07,5,4,14
2016-04-08,6,4,15
2016-04-09,7,4,15
2016-04-10,1,4,15
2016-04-11,2,4,15
2016-04-12,3,4,15
2016-04-13,4,4,15
2016-04-14,5,4,15
2016-04-15,6,4,16
2016-04-16,7,4,16
2016-04-17,1,4,16
2016-04-18,2,4,16
2016-04-19,3,4,16
2016-04-20,4,4,16
2016-04-21,5,4,16
2016-04-22,6,4,17
2016-04-23,7,4,17
2016-04-24,1,4,17
2016-04-25,2,4,17
2016-04-26,3,4,17
2016-04-27,4,4,17
2016-04-28,5,4,17
2016-04-29,6,4,18
2016-04-30,7,4,18
2016-05-01,1,5,18
2016-05-02,2,5,18
2016-05-03,3,5,18
2016-05-04,4,5,18
2016-05-05,5,5,18
2016-05-06,6,5,19
2016-05-07,7,5,19
2016-05-08,1,5,19
2016-05-09,2,5,19
2016-05-10,3,5,19
2016-05-11,4,5,19
2016-05-12,5,5,19
2016-05-13,6,5,20
2016-05-14,7,5,20
2016-05-15,1,5,20
2016-05-16,2,5,20
2016-05-17,3,5,20
2016-05-18,4,5,20
2016-05-19,5,5,20
2016-05-20,6,5,21
2016-05-21,7,5,21
2016-05-22,1,5,21
2016-05-23,2,5,21
2016-05-24,3,5,21
2016-05-25,4,5,21
2016-05-26,5,5,21
2016-05-27,6,5,22
2016-05-28,7,5,22
2016-05-29,1,5,22
2016-05-30,2,5,22
2016-05-31,3,5,22
2016-06-01,4,6,22
2016-06-02,5,6,22
2016-06-03,6,6,23
2016-06-04,7,6,23
2016-06-05,1,6,23
2016-06-06,2,6,23
2016-06-07,3,6,23
2016-06-08,4,6,23
2016-06-09,5,6,23
2016-06-10,6,6,24
2016-06-11,7,6,24
2016-06-12,1,6,24
2016-06-13,2,6,24
2016-06-14,3,6,24
2016-06-15,4,6,24
2016-06-16,5,6,24
2016-06-17,6,6,25
2016-06-18,7,6,25
2016-06-19,1,6,25
2016-06-20,2,6,25
2016-06-21,3,6,25
2016-06-22,4,6,25
2016-06-23,5,6,25
2016-06-24,6,6,26
2016-06-25,7,6,26
2016-06-26,1,6,26
2016-06-27,2,6,26
2016-06-28,3,6,26
2016-06-29,4,6,26
2016-06-30,5,6,26
2016-07-01,6,7,27
2016-07-02,7,7,27
2016-07-03,1,7,27
2016-07-04,2,7,27
2016-07-05,3,7,27
2016-07-06,4,7,27
2016-07-07,5,7,27
2016-07-08,6,7,28
2016-07-09,7,7,28
2016-07-10,1,7,28
2016-07-11,2,7,28
2016-07-12,3,7,28
2016-07-13,4,7,28
2016-07-14,5,7,28
2016-07-15,6,7,29
2016-07-16,7,7,29
2016-07-17,1,7,29
2016-07-18,2,7,29
2016-07-19,3,7,29
2016-07-20,4,7,29
2016-07-21,5,7,29
2016-07-22,6,7,30
2016-07-23,7,7,30
2016-07-24,1,7,30
2016-07-25,2,7,30
2016-07-26,3,7,30
2016-07-27,4,7,30
2016-07-28,5,7,30
2016-07-29,6,7,31
2016-07-30,7,7,31
2016-07-31,1,7,31
2016-08-01,2,8,31
2016-08-02,3,8,31
2016-08-03,4,8,31
2016-08-04,5,8,31
2016-08-05,6,8,32
2016-08-06,7,8,32
2016-08-07,1,8,32
2016-08-08,2,8,32
2016-08-09,3,8,32
2016-08-10,4,8,32
2016-08-11,5,8,32
2016-08-12,6,8,33
2016-08-13,7,8,33
2016-08-14,1,8,33
2016-08-15,2,8,33
2016-08-16,3,8,33
2016-08-17,4,8,33
2016-08-18,5,8,33
2016-08-19,6,8,34
2016-08-20,7,8,34
2016-08-21,1,8,34
2016-08-22,2,8,34
2016-08-23,3,8,34
2016-08-24,4,8,34
2016-08-25,5,8,34
2016-08-26,6,8,35
2016-08-27,7,8,35
2016-08-28,1,8,35
2016-08-29,2,8,35
2016-08-30,3,8,35
2016-08-31,4,8,35
2016-09-01,5,9,35
2016-09-02,6,9,36
2016-09-03,7,9,36
2016-09-04,1,9,36
2016-09-05,2,9,36
2016-09-06,3,9,36
2016-09-07,4,9,36
2016-09-08,5,9,36
2016-09-09,6,9,37
2016-09-10,7,9,37
2016-09-11,1,9,37
2016-09-12,2,9,37
2016-09-13,3,9,37
2016-09-14,4,9,37
2016-09-15,5,9,37
2016-09-16,6,9,38
2016-09-17,7,9,38
2016-09-18,1,9,38
2016-09-19,2,9,38
2016-09-20,3,9,38
2016-09-21,4,9,38
2016-09-22,5,9,38
2016-09-23,6,9,39
2016-09-24,7,9,39
2016-09-25,1,9,39
2016-09-26,2,9,39
2016-09-27,3,9,39
2016-09-28,4,9,39
2016-09-29,5,9,39
2016-09-30,6,9,40
2016-10-01,7,10,40
2016-10-02,1,10,40
2016-10-03,2,10,40
2016-10-04,3,10,40
2016-10-05,4,10,40
2016-10-06,5,10,40
2016-10-07,6,10,41
2016-10-08,7,10,41
2016-10-09,1,10,41
2016-10-10,2,10,41
2016-10-11,3,10,41
2016-10-12,4,10,41
2016-10-13,5,10,41
2016-10-14,6,10,42
2016-10-15,7,10,42
2016-10-16,1,10,42
2016-10-17,2,10,42
2016-10-18,3,10,42
2016-10-19,4,10,42
2016-10-20,5,10,42
2016-10-21,6,10,43
2016-10-22,7,10,43
2016-10-23,1,10,43
2016-10-24,2,10,43
2016-10-25,3,10,43
2016-10-26,4,10,43
2016-10-27,5,10,43
2016-10-28,6,10,44
2016-10-29,7,10,44
2016-10-30,1,10,44
2016-10-31,2,10,44
2016-11-01,3,11,44
2016-11-02,4,11,44
2016-11-03,5,11,44
2016-11-04,6,11,45
2016-11-05,7,11,45
2016-11-06,1,11,45
2016-11-07,2,11,45
2016-11-08,3,11,45
2016-11-09,4,11,45
2016-11-10,5,11,45
2016-11-11,6,11,46
2016-11-12,7,11,46
2016-11-13,1,11,46
2016-11-14,2,11,46
2016-11-15,3,11,46
2016-11-16,4,11,46
2016-11-17,5,11,46
2016-11-18,6,11,47
2016-11-19,7,11,47
2016-11-20,1,11,47
2016-11-21,2,11,47
2016-11-22,3,11,47
2016-11-23,4,11,47
2016-11-24,5,11,47
2016-11-25,6,11,48
2016-11-26,7,11,48
2016-11-27,1,11,48
2016-11-28,2,11,48
2016-11-29,3,11,48
2016-11-30,4,11,48
2016-12-01,5,12,48
2016-12-02,6,12,49
2016-12-03,7,12,49
2016-12-04,1,12,49
2016-12-05,2,12,49
2016-12-06,3,12,49
2016-12-07,4,12,49
2016-12-08,5,12,49
2016-12-09,6,12,50
2016-12-10,7,12,50
2016-12-11,1,12,50
2016-12-12,2,12,50
2016-12-13,3,12,50
2016-12-14,4,12,50
2016-12-15,5,12,50
2016-12-16,6,12,51
2016-12-17,7,12,51
2016-12-18,1,12,51
2016-12-19,2,12,51
2016-12-20,3,12,51
2016-12-21,4,12,51
2016-12-22,5,12,51
2016-12-23,6,12,52
2016-12-24,7,12,52
2016-12-25,1,12,52
2016-12-26,2,12,52
2016-12-27,3,12,52
2016-12-28,4,12,52
2016-12-29,5,12,52
2016-12-30,6,12,53
2016-12-31,7,12,53
2017-01-01,1,1,1
2017-01-02,2,1,1
2017-01-03,3,1,1
2017-01-04,4,1,1
2017-01-05,5,1,1
2017-01-06,6,1,1
2017-01-07,7,1,1
2017-01-08,1,1,2
2017-01-09,2,1,2
2017-01-10,3,1,2
2017-01-11,4,1,2
2017-01-12,5,1,2
2017-01-13,6,1,2
2017-01-14,7,1,2
2017-01-15,1,1,3
2017-01-16,2,1,3
2017-01-17,3,1,3
2017-01-18,4,1,3
2017-01-19,5,1,3
2017-01-20,6,1,3
2017-01-21,7,1,3
2017-01-22,1,1,4
2017-01-23,2,1,4
2017-01-24,3,1,4
2017-01-25,4,1,4
2017-01-26,5,1,4
2017-01-27,6,1,4
2017-01-28,7,1,4
2017-01-29,1,1,5
2017-01-30,2,1,5
2017-01-31,3,1,5
2017-02-01,4,2,5
2017-02-02,5,2,5
2017-02-03,6,2,5
2017-02-04,7,2,5
2017-02-05,1,2,6
2017-02-06,2,2,6
2017-02-07,3,2,6
2017-02-08,4,2,6
2017-02-09,5,2,6
2017-02-10,6,2,6
2017-02-11,7,2,6
2017-02-12,1,2,7
2017-02-13,2,2,7
2017-02-14,3,2,7
2017-02-15,4,2,7
2017-02-16,5,2,7
2017-02-17,6,2,7
2017-02-18,7,2,7
2017-02-19,1,2,8
2017-02-20,2,2,8
2017-02-21,3,2,8
2017-02-22,4,2,8
2017-02-23,5,2,8
2017-02-24,6,2,8
2017-02-25,7,2,8
2017-02-26,1,2,9
2017-02-27,2,2,9
2017-02-28,3,2,9
2017-03-01,4,3,9
2017-03-02,5,3,9
2017-03-03,6,3,9
2017-03-04,7,3,9
2017-03-05,1,3,10
2017-03-06,2,3,10
2017-03-07,3,3,10
2017-03-08,4,3,10
2017-03-09,5,3,10
2017-03-10,6,3,10
2017-03-11,7,3,10
2017-03-12,1,3,11
2017-03-13,2,3,11
2017-03-14,3,3,11
2017-03-15,4,3,11
2017-03-16,5,3,11
2017-03-17,6,3,11
2017-03-18,7,3,11
2017-03-19,1,3,12
2017-03-20,2,3,12
2017-03-21,3,3,12
2017-03-22,4,3,12
2017-03-23,5,3,12
2017-03-24,6,3,12
2017-03-25,7,3,12
2017-03-26,1,3,13
2017-03-27,2,3,13
2017-03-28,3,3,13
2017-03-29,4,3,13
2017-03-30,5,3,13
2017-03-31,6,3,13
2017-04-01,7,4,13
2017-04-02,1,4,14
2017-04-03,2,4,14
2017-04-04,3,4,14
2017-04-05,4,4,14
2017-04-06,5,4,14
2017-04-07,6,4,14
2017-04-08,7,4,14
2017-04-09,1,4,15
2017-04-10,2,4,15
2017-04-11,3,4,15
2017-04-12,4,4,15
2017-04-13,5,4,15
2017-04-14,6,4,15
2017-04-15,7,4,15
2017-04-16,1,4,16
2017-04-17,2,4,16
2017-04-18,3,4,16
2017-04-19,4,4,16
2017-04-20,5,4,16
2017-04-21,6,4,16
2017-04-22,7,4,16
2017-04-23,1,4,17
2017-04-24,2,4,17
2017-04-25,3,4,17
2017-04-26,4,4,17
2017-04-27,5,4,17
2017-04-28,6,4,17
2017-04-29,7,4,17
2017-04-30,1,4,18
2017-05-01,2,5,18
2017-05-02,3,5,18
2017-05-03,4,5,18
2017-05-04,5,5,18
2017-05-05,6,5,18
2017-05-06,7,5,18
2017-05-07,1,5,19
2017-05-08,2,5,19
2017-05-09,3,5,19
2017-05-10,4,5,19
2017-05-11,5,5,19
2017-05-12,6,5,19
2017-05-13,7,5,19
2017-05-14,1,5,20
2017-05-15,2,5,20
2017-05-16,3,5,20
2017-05-17,4,5,20
2017-05-18,5,5,20
2017-05-19,6,5,20
2017-05-20,7,5,20
2017-05-21,1,5,21
2017-05-22,2,5,21
2017-05-23,3,5,21
2017-05-24,4,5,21
2017-05-25,5,5,21
2017-05-26,6,5,21
2017-05-27,7,5,21
2017-05-28,1,5,22
2017-05-29,2,5,22
2017-05-30,3,5,22
2017-05-31,4,5,22
2017-06-01,5,6,22
2017-06-02,6,6,22
2017-06-03,7,6,22
2017-06-04,1,6,23
2017-06-05,2,6,23
2017-06-06,3,6,23
2017-06-07,4,6,23
2017-06-08,5,6,23
2017-06-09,6,6,23
2017-06-10,7,6,23
2017-06-11,1,6,24
2017-06-12,2,6,24
2017-06-13,3,6,24
2017-06-14,4,6,24
2017-06-15,5,6,24
2017-06-16,6,6,24
2017-06-17,7,6,24
2017-06-18,1,6,25
2017-06-19,2,6,25
2017-06-20,3,6,25
2017-06-21,4,6,25
2017-06-22,5,6,25
2017-06-23,6,6,25
2017-06-24,7,6,25
2017-06-25,1,6,26
2017-06-26,2,6,26
2017-06-27,3,6,26
2017-06-28,4,6,26
2017-06-29,5,6,26
2017-06-30,6,6,26
2017-07-01,7,7,26
2017-07-02,1,7,27
2017-07-03,2,7,27
2017-07-04,3,7,27
2017-07-05,4,7,27
2017-07-06,5,7,27
2017-07-07,6,7,27
2017-07-08,7,7,27
2017-07-09,1,7,28
2017-07-10,2,7,28
2017-07-11,3,7,28
2017-07-12,4,7,28
2017-07-13,5,7,28
2017-07-14,6,7,28
2017-07-15,7,7,28
2017-07-16,1,7,29
2017-07-17,2,7,29
2017-07-18,3,7,29
2017-07-19,4,7,29
2017-07-20,5,7,29
2017-07-21,6,7,29
2017-07-22,7,7,29
2017-07-23,1,7,30
2017-07-24,2,7,30
2017-07-25,3,7,30
2017-07-26,4,7,30
2017-07-27,5,7,30
2017-07-28,6,7,30
2017-07-29,7,7,30
2017-07-30,1,7,31
2017-07-31,2,7,31
2017-08-01,3,8,31
2017-08-02,4,8,31
2017-08-03,5,8,31
2017-08-04,6,8,31
2017-08-05,7,8,31
2017-08-06,1,8,32
2017-08-07,2,8,32
2017-08-08,3,8,32
2017-08-09,4,8,32
2017-08-10,5,8,32
2017-08-11,6,8,32
2017-08-12,7,8,32
2017-08-13,1,8,33
2017-08-14,2,8,33
2017-08-15,3,8,33
2017-08-16,4,8,33
2017-08-17,5,8,33
2017-08-18,6,8,33
2017-08-19,7,8,33
2017-08-20,1,8,34
2017-08-21,2,8,34
2017-08-22,3,8,34
2017-08-23,4,8,34
2017-08-24,5,8,34
2017-08-25,6,8,34
2017-08-26,7,8,34
2017-08-27,1,8,35
2017-08-28,2,8,35
2017-08-29,3,8,35
2017-08-30,4,8,35
2017-08-31,5,8,35
2017-09-01,6,9,35
2017-09-02,7,9,35
2017-09-03,1,9,36
2017-09-04,2,9,36
2017-09-05,3,9,36
2017-09-06,4,9,36
2017-09-07,5,9,36
2017-09-08,6,9,36
2017-09-09,7,9,36
2017-09-10,1,9,37
2017-09-11,2,9,37
2017-09-12,3,9,37
2017-09-13,4,9,37
2017-09-14,5,9,37
2017-09-15,6,9,37
2017-09-16,7,9,37
2017-09-17,1,9,38
2017-09-18,2,9,38
2017-09-19,3,9,38
2017-09-20,4,9,38
2017-09-21,5,9,38
2017-09-22,6,9,38
2017-09-23,7,9,38
2017-09-24,1,9,39
2017-09-25,2,9,39
2017-09-26,3,9,39
2017-09-27,4,9,39
2017-09-28,5,9,39
2017-09-29,6,9,39
2017-09-30,7,9,39
2017-10-01,1,10,40
2017-10-02,2,10,40
2017-10-03,3,10,40
2017-10-04,4,10,40
2017-10-05,5,10,40
2017-10-06,6,10,40
2017-10-07,7,10,40
2017-10-08,1,10,41
2017-10-09,2,10,41
2017-10-10,3,10,41
2017-10-11,4,10,41
2017-10-12,5,10,41
2017-10-13,6,10,41
2017-10-14,7,10,41
2017-10-15,1,10,42
2017-10-16,2,10,42
2017-10-17,3,10,42
2017-10-18,4,10,42
2017-10-19,5,10,42
2017-10-20,6,10,42
2017-10-21,7,10,42
2017-10-22,1,10,43
2017-10-23,2,10,43
2017-10-24,3,10,43
2017-10-25,4,10,43
2017-10-26,5,10,43
2017-10-27,6,10,43
2017-10-28,7,10,43
2017-10-29,1,10,44
2017-10-30,2,10,44
2017-10-31,3,10,44
2017-11-01,4,11,44
2017-11-02,5,11,44
2017-11-03,6,11,44
2017-11-04,7,11,44
2017-11-05,1,11,45
2017-11-06,2,11,45
2017-11-07,3,11,45
2017-11-08,4,11,45
2017-11-09,5,11,45
2017-11-10,6,11,45
2017-11-11,7,11,45
2017-11-12,1,11,46
2017-11-13,2,11,46
2017-11-14,3,11,46
2017-11-15,4,11,46
2017-11-16,5,11,46
2017-11-17,6,11,46
2017-11-18,7,11,46
2017-11-19,1,11,47
2017-11-20,2,11,47
2017-11-21,3,11,47
2017-11-22,4,11,47
2017-11-23,5,11,47
2017-11-24,6,11,47
2017-11-25,7,11,47
2017-11-26,1,11,48
2017-11-27,2,11,48
2017-11-28,3,11,48
2017-11-29,4,11,48
2017-11-30,5,11,48
2017-12-01,6,12,48
2017-12-02,7,12,48
2017-12-03,1,12,49
2017-12-04,2,12,49
2017-12-05,3,12,49
2017-12-06,4,12,49
2017-12-07,5,12,49
2017-12-08,6,12,49
2017-12-09,7,12,49
2017-12-10,1,12,50
2017-12-11,2,12,50
2017-12-12,3,12,50
2017-12-13,4,12,50
2017-12-14,5,12,50
2017-12-15,6,12,50
2017-12-16,7,12,50
2017-12-17,1,12,51
2017-12-18,2,12,51
2017-12-19,3,12,51
2017-12-20,4,12,51
2017-12-21,5,12,51
2017-12-22,6,12,51
2017-12-23,7,12,51
2017-12-24,1,12,52
2017-12-25,2,12,52
2017-12-26,3,12,52
2017-12-27,4,12,52
2017-12-28,5,12,52
2017-12-29,6,12,52
2017-12-30,7,12,52
2017-12-31,1,12,53
2018-01-01,2,1,1
2018-01-02,3,1,1
2018-01-03,4,1,1
2018-01-04,5,1,1
2018-01-05,6,1,1
2018-01-06,7,1,1
2018-01-07,1,1,1
2018-01-08,2,1,2
2018-01-09,3,1,2
2018-01-10,4,1,2
2018-01-11,5,1,2
2018-01-12,6,1,2
2018-01-13,7,1,2
2018-01-14,1,1,2
2018-01-15,2,1,3
2018-01-16,3,1,3
2018-01-17,4,1,3
2018-01-18,5,1,3
2018-01-19,6,1,3
2018-01-20,7,1,3
2018-01-21,1,1,3
2018-01-22,2,1,4
2018-01-23,3,1,4
2018-01-24,4,1,4
2018-01-25,5,1,4
2018-01-26,6,1,4
2018-01-27,7,1,4
2018-01-28,1,1,4
2018-01-29,2,1,5
2018-01-30,3,1,5
2018-01-31,4,1,5
2018-02-01,5,2,5
2018-02-02,6,2,5
2018-02-03,7,2,5
2018-02-04,1,2,5
2018-02-05,2,2,6
2018-02-06,3,2,6
2018-02-07,4,2,6
2018-02-08,5,2,6
2018-02-09,6,2,6
2018-02-10,7,2,6
2018-02-11,1,2,6
2018-02-12,2,2,7
2018-02-13,3,2,7
2018-02-14,4,2,7
2018-02-15,5,2,7
2018-02-16,6,2,7
2018-02-17,7,2,7
2018-02-18,1,2,7
2018-02-19,2,2,8
2018-02-20,3,2,8
2018-02-21,4,2,8
2018-02-22,5,2,8
2018-02-23,6,2,8
2018-02-24,7,2,8
2018-02-25,1,2,8
2018-02-26,2,2,9
2018-02-27,3,2,9
2018-02-28,4,2,9
2018-03-01,5,3,9
2018-03-02,6,3,9
2018-03-03,7,3,9
2018-03-04,1,3,9
2018-03-05,2,3,10
2018-03-06,3,3,10
2018-03-07,4,3,10
2018-03-08,5,3,10
2018-03-09,6,3,10
2018-03-10,7,3,10
2018-03-11,1,3,10
2018-03-12,2,3,11
2018-03-13,3,3,11
2018-03-14,4,3,11
2018-03-15,5,3,11
2018-03-16,6,3,11
2018-03-17,7,3,11
2018-03-18,1,3,11
2018-03-19,2,3,12
2018-03-20,3,3,12
2018-03-21,4,3,12
2018-03-22,5,3,12
2018-03-23,6,3,12
2018-03-24,7,3,12
2018-03-25,1,3,12
2018-03-26,2,3,13
2018-03-27,3,3,13
2018-03-28,4,3,13
2018-03-29,5,3,13
2018-03-30,6,3,13
2018-03-31,7,3,13
2018-04-01,1,4,13
2018-04-02,2,4,14
2018-04-03,3,4,14
2018-04-04,4,4,14
2018-04-05,5,4,14
2018-04-06,6,4,14
2018-04-07,7,4,14
2018-04-08,1,4,14
2018-04-09,2,4,15
2018-04-10,3,4,15
2018-04-11,4,4,15
2018-04-12,5,4,15
2018-04-13,6,4,15
2018-04-14,7,4,15
2018-04-15,1,4,15
2018-04-16,2,4,16
2018-04-17,3,4,16
2018-04-18,4,4,16
2018-04-19,5,4,16
2018-04-20,6,4,16
2018-04-21,7,4,16
2018-04-22,1,4,16
2018-04-23,2,4,17
2018-04-24,3,4,17
2018-04-25,4,4,17
2018-04-26,5,4,17
2018-04-27,6,4,17
2018-04-28,7,4,17
2018-04-29,1,4,17
2018-04-30,2,4,18
2018-05-01,3,5,18
2018-05-02,4,5,18
2018-05-03,5,5,18
2018-05-04,6,5,18
2018-05-05,7,5,18
2018-05-06,1,5,18
2018-05-07,2,5,19
2018-05-08,3,5,19
2018-05-09,4,5,19
2018-05-10,5,5,19
2018-05-11,6,5,19
2018-05-12,7,5,19
2018-05-13,1,5,19
2018-05-14,2,5,20
2018-05-15,3,5,20
2018-05-16,4,5,20
2018-05-17,5,5,20
2018-05-18,6,5,20
2018-05-19,7,5,20
2018-05-20,1,5,20
2018-05-21,2,5,21
2018-05-22,3,5,21
2018-05-23,4,5,21
2018-05-24,5,5,21
2018-05-25,6,5,21
2018-05-26,7,5,21
2018-05-27,1,5,21
2018-05-28,2,5,22
2018-05-29,3,5,22
2018-05-30,4,5,22
2018-05-31,5,5,22
2018-06-01,6,6,22
2018-06-02,7,6,22
2018-06-03,1,6,22
2018-06-04,2,6,23
2018-06-05,3,6,23
2018-06-06,4,6,23
2018-06-07,5,6,23
2018-06-08,6,6,23
2018-06-09,7,6,23
2018-06-10,1,6,23
2018-06-11,2,6,24
2018-06-12,3,6,24
2018-06-13,4,6,24
2018-06-14,5,6,24
2018-06-15,6,6,24
2018-06-16,7,6,24
2018-06-17,1,6,24
2018-06-18,2,6,25
2018-06-19,3,6,25
2018-06-20,4,6,25
2018-06-21,5,6,25
2018-06-22,6,6,25
2018-06-23,7,6,25
2018-06-24,1,6,25
2018-06-25,2,6,26
2018-06-26,3,6,26
2018-06-27,4,6,26
2018-06-28,5,6,26
2018-06-29,6,6,26
2018-06-30,7,6,26
2018-07-01,1,7,26
2018-07-02,2,7,27
2018-07-03,3,7,27
2018-07-04,4,7,27
2018-07-05,5,7,27
2018-07-06,6,7,27
2018-07-07,7,7,27
2018-07-08,1,7,27
2018-07-09,2,7,28
2018-07-10,3,7,28
2018-07-11,4,7,28
2018-07-12,5,7,28
2018-07-13,6,7,28
2018-07-14,7,7,28
2018-07-15,1,7,28
2018-07-16,2,7,29
2018-07-17,3,7,29
2018-07-18,4,7,29
2018-07-19,5,7,29
2018-07-20,6,7,29
2018-07-21,7,7,29
2018-07-22,1,7,29
2018-07-23,2,7,30
2018-07-24,3,7,30
2018-07-25,4,7,30
2018-07-26,5,7,30
2018-07-27,6,7,30
2018-07-28,7,7,30
2018-07-29,1,7,30
2018-07-30,2,7,31
2018-07-31,3,7,31
2018-08-01,4,8,31
2018-08-02,5,8,31
2018-08-03,6,8,31
2018-08-04,7,8,31
2018-08-05,1,8,31
2018-08-06,2,8,32
2018-08-07,3,8,32
2018-08-08,4,8,32
2018-08-09,5,8,32
2018-08-10,6,8,32
2018-08-11,7,8,32
2018-08-12,1,8,32
2018-08-13,2,8,33
2018-08-14,3,8,33
2018-08-15,4,8,33
2018-08-16,5,8,33
2018-08-17,6,8,33
2018-08-18,7,8,33
2018-08-19,1,8,33
2018-08-20,2,8,34
2018-08-21,3,8,34
2018-08-22,4,8,34
2018-08-23,5,8,34
2018-08-24,6,8,34
2018-08-25,7,8,34
2018-08-26,1,8,34
2018-08-27,2,8,35
2018-08-28,3,8,35
2018-08-29,4,8,35
2018-08-30,5,8,35
2018-08-31,6,8,35
2018-09-01,7,9,35
2018-09-02,1,9,35
2018-09-03,2,9,36
2018-09-04,3,9,36
2018-09-05,4,9,36
2018-09-06,5,9,36
2018-09-07,6,9,36
2018-09-08,7,9,36
2018-09-09,1,9,36
2018-09-10,2,9,37
2018-09-11,3,9,37
2018-09-12,4,9,37
2018-09-13,5,9,37
2018-09-14,6,9,37
2018-09-15,7,9,37
2018-09-16,1,9,37
2018-09-17,2,9,38
2018-09-18,3,9,38
2018-09-19,4,9,38
2018-09-20,5,9,38
2018-09-21,6,9,38
2018-09-22,7,9,38
2018-09-23,1,9,38
2018-09-24,2,9,39
2018-09-25,3,9,39
2018-09-26,4,9,39
2018-09-27,5,9,39
2018-09-28,6,9,39
2018-09-29,7,9,39
2018-09-30,1,9,39
2018-10-01,2,10,40
2018-10-02,3,10,40
2018-10-03,4,10,40
2018-10-04,5,10,40
2018-10-05,6,10,40
2018-10-06,7,10,40
2018-10-07,1,10,40
2018-10-08,2,10,41
2018-10-09,3,10,41
2018-10-10,4,10,41
2018-10-11,5,10,41
2018-10-12,6,10,41
2018-10-13,7,10,41
2018-10-14,1,10,41
2018-10-15,2,10,42
2018-10-16,3,10,42
2018-10-17,4,10,42
2018-10-18,5,10,42
2018-10-19,6,10,42
2018-10-20,7,10,42
2018-10-21,1,10,42
2018-10-22,2,10,43
2018-10-23,3,10,43
2018-10-24,4,10,43
2018-10-25,5,10,43
2018-10-26,6,10,43
2018-10-27,7,10,43
2018-10-28,1,10,43
2018-10-29,2,10,44
2018-10-30,3,10,44
2018-10-31,4,10,44
2018-11-01,5,11,44
2018-11-02,6,11,44
2018-11-03,7,11,44
2018-11-04,1,11,44
2018-11-05,2,11,45
2018-11-06,3,11,45
2018-11-07,4,11,45
2018-11-08,5,11,45
2018-11-09,6,11,45
2018-11-10,7,11,45
2018-11-11,1,11,45
2018-11-12,2,11,46
2018-11-13,3,11,46
2018-11-14,4,11,46
2018-11-15,5,11,46
2018-11-16,6,11,46
2018-11-17,7,11,46
2018-11-18,1,11,46
2018-11-19,2,11,47
2018-11-20,3,11,47
2018-11-21,4,11,47
2018-11-22,5,11,47
2018-11-23,6,11,47
2018-11-24,7,11,47
2018-11-25,1,11,47
2018-11-26,2,11,48
2018-11-27,3,11,48
2018-11-28,4,11,48
2018-11-29,5,11,48
2018-11-30,6,11,48
2018-12-01,7,12,48
2018-12-02,1,12,48
2018-12-03,2,12,49
2018-12-04,3,12,49
2018-12-05,4,12,49
2018-12-06,5,12,49
2018-12-07,6,12,49
2018-12-08,7,12,49
2018-12-09,1,12,49
2018-12-10,2,12,50
2018-12-11,3,12,50
2018-12-12,4,12,50
2018-12-13,5,12,50
2018-12-14,6,12,50
2018-12-15,7,12,50
2018-12-16,1,12,50
2018-12-17,2,12,51
2018-12-18,3,12,51
2018-12-19,4,12,51
2018-12-20,5,12,51
2018-12-21,6,12,51
2018-12-22,7,12,51
2018-12-23,1,12,51
2018-12-24,2,12,52
2018-12-25,3,12,52
2018-12-26,4,12,52
2018-12-27,5,12,52
2018-12-28,6,12,52
2018-12-29,7,12,52
2018-12-30,1,12,52
2018-12-31,2,12,53
2019-01-01,3,1,1
2019-01-02,4,1,1
2019-01-03,5,1,1
2019-01-04,6,1,1
2019-01-05,7,1,1
2019-01-06,1,1,1
2019-01-07,2,1,1
2019-01-08,3,1,2
2019-01-09,4,1,2
2019-01-10,5,1,2
2019-01-11,6,1,2
2019-01-12,7,1,2
2019-01-13,1,1,2
2019-01-14,2,1,2
2019-01-15,3,1,3
2019-01-16,4,1,3
2019-01-17,5,1,3
2019-01-18,6,1,3
2019-01-19,7,1,3
2019-01-20,1,1,3
2019-01-21,2,1,3
2019-01-22,3,1,4
2019-01-23,4,1,4
2019-01-24,5,1,4
2019-01-25,6,1,4
2019-01-26,7,1,4
2019-01-27,1,1,4
2019-01-28,2,1,4
2019-01-29,3,1,5
2019-01-30,4,1,5
2019-01-31,5,1,5
2019-02-01,6,2,5
2019-02-02,7,2,5
2019-02-03,1,2,5
2019-02-04,2,2,5
2019-02-05,3,2,6
2019-02-06,4,2,6
2019-02-07,5,2,6
2019-02-08,6,2,6
2019-02-09,7,2,6
2019-02-10,1,2,6
2019-02-11,2,2,6
2019-02-12,3,2,7
2019-02-13,4,2,7
2019-02-14,5,2,7
2019-02-15,6,2,7
2019-02-16,7,2,7
2019-02-17,1,2,7
2019-02-18,2,2,7
2019-02-19,3,2,8
2019-02-20,4,2,8
2019-02-21,5,2,8
2019-02-22,6,2,8
2019-02-23,7,2,8
2019-02-24,1,2,8
2019-02-25,2,2,8
2019-02-26,3,2,9
2019-02-27,4,2,9
2019-02-28,5,2,9
2019-03-01,6,3,9
2019-03-02,7,3,9
2019-03-03,1,3,9
2019-03-04,2,3,9
2019-03-05,3,3,10
2019-03-06,4,3,10
2019-03-07,5,3,10
2019-03-08,6,3,10
2019-03-09,7,3,10
2019-03-10,1,3,10
2019-03-11,2,3,10
2019-03-12,3,3,11
2019-03-13,4,3,11
2019-03-14,5,3,11
2019-03-15,6,3,11
2019-03-16,7,3,11
2019-03-17,1,3,11
2019-03-18,2,3,11
2019-03-19,3,3,12
2019-03-20,4,3,12
2019-03-21,5,3,12
2019-03-22,6,3,12
2019-03-23,7,3,12
2019-03-24,1,3,12
2019-03-25,2,3,12
2019-03-26,3,3,13
2019-03-27,4,3,13
2019-03-28,5,3,13
2019-03-29,6,3,13
2019-03-30,7,3,13
2019-03-31,1,3,13
2019-04-01,2,4,13
2019-04-02,3,4,14
2019-04-03,4,4,14
2019-04-04,5,4,14
2019-04-05,6,4,14
2019-04-06,7,4,14
2019-04-07,1,4,14
2019-04-08,2,4,14
2019-04-09,3,4,15
2019-04-10,4,4,15
2019-04-11,5,4,15
2019-04-12,6,4,15
2019-04-13,7,4,15
2019-04-14,1,4,15
2019-04-15,2,4,15
2019-04-16,3,4,16
2019-04-17,4,4,16
2019-04-18,5,4,16
2019-04-19,6,4,16
2019-04-20,7,4,16
2019-04-21,1,4,16
2019-04-22,2,4,16
2019-04-23,3,4,17
2019-04-24,4,4,17
2019-04-25,5,4,17
2019-04-26,6,4,17
2019-04-27,7,4,17
2019-04-28,1,4,17
2019-04-29,2,4,17
2019-04-30,3,4,18
2019-05-01,4,5,18
2019-05-02,5,5,18
2019-05-03,6,5,18
2019-05-04,7,5,18
2019-05-05,1,5,18
2019-05-06,2,5,18
2019-05-07,3,5,19
2019-05-08,4,5,19
2019-05-09,5,5,19
2019-05-10,6,5,19
2019-05-11,7,5,19
2019-05-12,1,5,19
2019-05-13,2,5,19
2019-05-14,3,5,20
2019-05-15,4,5,20
2019-05-16,5,5,20
2019-05-17,6,5,20
2019-05-18,7,5,20
2019-05-19,1,5,20
2019-05-20,2,5,20
2019-05-21,3,5,21
2019-05-22,4,5,21
2019-05-23,5,5,21
2019-05-24,6,5,21
2019-05-25,7,5,21
2019-05-26,1,5,21
2019-05-27,2,5,21
2019-05-28,3,5,22
2019-05-29,4,5,22
2019-05-30,5,5,22
2019-05-31,6,5,22
2019-06-01,7,6,22
2019-06-02,1,6,22
2019-06-03,2,6,22
2019-06-04,3,6,23
2019-06-05,4,6,23
2019-06-06,5,6,23
2019-06-07,6,6,23
2019-06-08,7,6,23
2019-06-09,1,6,23
2019-06-10,2,6,23
2019-06-11,3,6,24
2019-06-12,4,6,24
2019-06-13,5,6,24
2019-06-14,6,6,24
2019-06-15,7,6,24
2019-06-16,1,6,24
2019-06-17,2,6,24
2019-06-18,3,6,25
2019-06-19,4,6,25
2019-06-20,5,6,25
2019-06-21,6,6,25
2019-06-22,7,6,25
2019-06-23,1,6,25
2019-06-24,2,6,25
2019-06-25,3,6,26
2019-06-26,4,6,26
2019-06-27,5,6,26
2019-06-28,6,6,26
2019-06-29,7,6,26
2019-06-30,1,6,26
2019-07-01,2,7,26
2019-07-02,3,7,27
2019-07-03,4,7,27
2019-07-04,5,7,27
2019-07-05,6,7,27
2019-07-06,7,7,27
2019-07-07,1,7,27
2019-07-08,2,7,27
2019-07-09,3,7,28
2019-07-10,4,7,28
2019-07-11,5,7,28
2019-07-12,6,7,28
2019-07-13,7,7,28
2019-07-14,1,7,28
2019-07-15,2,7,28
2019-07-16,3,7,29
2019-07-17,4,7,29
2019-07-18,5,7,29
2019-07-19,6,7,29
2019-07-20,7,7,29
2019-07-21,1,7,29
2019-07-22,2,7,29
2019-07-23,3,7,30
2019-07-24,4,7,30
2019-07-25,5,7,30
2019-07-26,6,7,30
2019-07-27,7,7,30
2019-07-28,1,7,30
2019-07-29,2,7,30
2019-07-30,3,7,31
2019-07-31,4,7,31
2019-08-01,5,8,31
2019-08-02,6,8,31
2019-08-03,7,8,31
2019-08-04,1,8,31
2019-08-05,2,8,31
2019-08-06,3,8,32
2019-08-07,4,8,32
2019-08-08,5,8,32
2019-08-09,6,8,32
2019-08-10,7,8,32
2019-08-11,1,8,32
2019-08-12,2,8,32
2019-08-13,3,8,33
2019-08-14,4,8,33
2019-08-15,5,8,33
2019-08-16,6,8,33
2019-08-17,7,8,33
2019-08-18,1,8,33
2019-08-19,2,8,33
2019-08-20,3,8,34
2019-08-21,4,8,34
2019-08-22,5,8,34
2019-08-23,6,8,34
2019-08-24,7,8,34
2019-08-25,1,8,34
2019-08-26,2,8,34
2019-08-27,3,8,35
2019-08-28,4,8,35
2019-08-29,5,8,35
2019-08-30,6,8,35
2019-08-31,7,8,35
2019-09-01,1,9,35
2019-09-02,2,9,35
2019-09-03,3,9,36
2019-09-04,4,9,36
2019-09-05,5,9,36
2019-09-06,6,9,36
2019-09-07,7,9,36
2019-09-08,1,9,36
2019-09-09,2,9,36
2019-09-10,3,9,37
2019-09-11,4,9,37
2019-09-12,5,9,37
2019-09-13,6,9,37
2019-09-14,7,9,37
2019-09-15,1,9,37
2019-09-16,2,9,37
2019-09-17,3,9,38
2019-09-18,4,9,38
2019-09-19,5,9,38
2019-09-20,6,9,38
2019-09-21,7,9,38
2019-09-22,1,9,38
2019-09-23,2,9,38
2019-09-24,3,9,39
2019-09-25,4,9,39
2019-09-26,5,9,39
2019-09-27,6,9,39
2019-09-28,7,9,39
2019-09-29,1,9,39
2019-09-30,2,9,39
2019-10-01,3,10,40
2019-10-02,4,10,40
2019-10-03,5,10,40
2019-10-04,6,10,40
2019-10-05,7,10,40
2019-10-06,1,10,40
2019-10-07,2,10,40
2019-10-08,3,10,41
2019-10-09,4,10,41
2019-10-10,5,10,41
2019-10-11,6,10,41
2019-10-12,7,10,41
2019-10-13,1,10,41
2019-10-14,2,10,41
2019-10-15,3,10,42
2019-10-16,4,10,42
2019-10-17,5,10,42
2019-10-18,6,10,42
2019-10-19,7,10,42
2019-10-20,1,10,42
2019-10-21,2,10,42
2019-10-22,3,10,43
2019-10-23,4,10,43
2019-10-24,5,10,43
2019-10-25,6,10,43
2019-10-26,7,10,43
2019-10-27,1,10,43
2019-10-28,2,10,43
2019-10-29,3,10,44
2019-10-30,4,10,44
2019-10-31,5,10,44
2019-11-01,6,11,44
2019-11-02,7,11,44
2019-11-03,1,11,44
2019-11-04,2,11,44
2019-11-05,3,11,45
2019-11-06,4,11,45
2019-11-07,5,11,45
2019-11-08,6,11,45
2019-11-09,7,11,45
2019-11-10,1,11,45
2019-11-11,2,11,45
2019-11-12,3,11,46
2019-11-13,4,11,46
2019-11-14,5,11,46
2019-11-15,6,11,46
2019-11-16,7,11,46
2019-11-17,1,11,46
2019-11-18,2,11,46
2019-11-19,3,11,47
2019-11-20,4,11,47
2019-11-21,5,11,47
2019-11-22,6,11,47
2019-11-23,7,11,47
2019-11-24,1,11,47
2019-11-25,2,11,47
2019-11-26,3,11,48
2019-11-27,4,11,48
2019-11-28,5,11,48
2019-11-29,6,11,48
2019-11-30,7,11,48
2019-12-01,1,12,48
2019-12-02,2,12,48
2019-12-03,3,12,49
2019-12-04,4,12,49
2019-12-05,5,12,49
2019-12-06,6,12,49
2019-12-07,7,12,49
2019-12-08,1,12,49
2019-12-09,2,12,49
2019-12-10,3,12,50
2019-12-11,4,12,50
2019-12-12,5,12,50
2019-12-13,6,12,50
2019-12-14,7,12,50
2019-12-15,1,12,50
2019-12-16,2,12,50
2019-12-17,3,12,51
2019-12-18,4,12,51
2019-12-19,5,12,51
2019-12-20,6,12,51
2019-12-21,7,12,51
2019-12-22,1,12,51
2019-12-23,2,12,51
2019-12-24,3,12,52
2019-12-25,4,12,52
2019-12-26,5,12,52
2019-12-27,6,12,52
2019-12-28,7,12,52
2019-12-29,1,12,52
2019-12-30,2,12,52
2019-12-31,3,12,53
2020-01-01,4,1,1
2020-01-02,5,1,1
2020-01-03,6,1,1
2020-01-04,7,1,1
2020-01-05,1,1,1
2020-01-06,2,1,1
2020-01-07,3,1,1
2020-01-08,4,1,2
2020-01-09,5,1,2
2020-01-10,6,1,2
2020-01-11,7,1,2
2020-01-12,1,1,2
2020-01-13,2,1,2
2020-01-14,3,1,2
2020-01-15,4,1,3
2020-01-16,5,1,3
2020-01-17,6,1,3
2020-01-18,7,1,3
2020-01-19,1,1,3
2020-01-20,2,1,3
2020-01-21,3,1,3
2020-01-22,4,1,4
2020-01-23,5,1,4
2020-01-24,6,1,4
2020-01-25,7,1,4
2020-01-26,1,1,4
2020-01-27,2,1,4
2020-01-28,3,1,4
2020-01-29,4,1,5
2020-01-30,5,1,5
2020-01-31,6,1,5
2020-02-01,7,2,5
2020-02-02,1,2,5
2020-02-03,2,2,5
2020-02-04,3,2,5
2020-02-05,4,2,6
2020-02-06,5,2,6
2020-02-07,6,2,6
2020-02-08,7,2,6
2020-02-09,1,2,6
2020-02-10,2,2,6
2020-02-11,3,2,6
2020-02-12,4,2,7
2020-02-13,5,2,7
2020-02-14,6,2,7
2020-02-15,7,2,7
2020-02-16,1,2,7
2020-02-17,2,2,7
2020-02-18,3,2,7
2020-02-19,4,2,8
2020-02-20,5,2,8
2020-02-21,6,2,8
2020-02-22,7,2,8
2020-02-23,1,2,8
2020-02-24,2,2,8
2020-02-25,3,2,8
2020-02-26,4,2,9
2020-02-27,5,2,9
2020-02-28,6,2,9
2020-02-29,7,2,9
2020-03-01,1,3,9
2020-03-02,2,3,9
2020-03-03,3,3,9
2020-03-04,4,3,10
2020-03-05,5,3,10
2020-03-06,6,3,10
2020-03-07,7,3,10
2020-03-08,1,3,10
2020-03-09,2,3,10
2020-03-10,3,3,10
2020-03-11,4,3,11
2020-03-12,5,3,11
2020-03-13,6,3,11
2020-03-14,7,3,11
2020-03-15,1,3,11
2020-03-16,2,3,11
2020-03-17,3,3,11
2020-03-18,4,3,12
2020-03-19,5,3,12
2020-03-20,6,3,12
2020-03-21,7,3,12
2020-03-22,1,3,12
2020-03-23,2,3,12
2020-03-24,3,3,12
2020-03-25,4,3,13
2020-03-26,5,3,13
2020-03-27,6,3,13
2020-03-28,7,3,13
2020-03-29,1,3,13
2020-03-30,2,3,13
2020-03-31,3,3,13
2020-04-01,4,4,14
2020-04-02,5,4,14
2020-04-03,6,4,14
2020-04-04,7,4,14
2020-04-05,1,4,14
2020-04-06,2,4,14
2020-04-07,3,4,14
2020-04-08,4,4,15
2020-04-09,5,4,15
2020-04-10,6,4,15
2020-04-11,7,4,15
2020-04-12,1,4,15
2020-04-13,2,4,15
2020-04-14,3,4,15
2020-04-15,4,4,16
2020-04-16,5,4,16
2020-04-17,6,4,16
2020-04-18,7,4,16
2020-04-19,1,4,16
2020-04-20,2,4,16
2020-04-21,3,4,16
2020-04-22,4,4,17
2020-04-23,5,4,17
2020-04-24,6,4,17
2020-04-25,7,4,17
2020-04-26,1,4,17
2020-04-27,2,4,17
2020-04-28,3,4,17
2020-04-29,4,4,18
2020-04-30,5,4,18
2020-05-01,6,5,18
